<?xml version='1.0' encoding='UTF-8' ?>
<timeLogEntries>
  <time id="1" path="/TI1/PSP0/Planning" start="@1631674731744" delta="22" />
  <time id="2" path="/TI1/PSP0/Planning" start="@1632233663092" delta="45" comment="Defs de estructura de datos añadida con opción de implementación" />
  <time id="5" path="/TI1/PSP0/Planning" start="@1632266574695" delta="78" comment="Some early test designs" />
  <time id="6" path="/TI1/PSP0/Code" start="@1632455069995" delta="220" comment="Section 2 fully implemented" />
  <time id="7" path="/TI1/PSP0/Code" start="@1632545285901" delta="66" comment="Sorting fixes and bug fixes" />
  <time id="8" path="/TI1/PSP0/Test" start="@1632843892250" delta="45" comment="Initial design adjustments" />
  <time id="9" path="/TI1/PSP0/Test" start="@1632868553766" delta="153" comment="stack, queue and hashtable tests implemented" />
  <time id="10" path="/TI1/PSP0/Test" start="@1632883417174" delta="28" comment="tests refines" />
  <time id="12" path="/TI1/PSP0/Postmortem" start="@1632885683504" delta="7" />
  <time id="13" path="/TI2/PSP0/Design" start="@1635786772595" delta="40" interrupt="3" comment="Registro de información sobre árboles (recuperanco tiempo de clase en el que no tenía el computador)" />
  <time id="14" path="/TI2/PSP0/Design" start="@1635801253516" delta="92" comment="Diesño de casos de prueba de ABB" />
  <time id="15" path="/TI2/PSP0/Design" start="@1635822181508" delta="93" comment="Inicio diseño casos de prueba AVL" />
  <time id="16" path="/TI2/PSP0/Design" start="@1635831004019" delta="39" comment="Finalización al 90% del diseño de pruebas" />
  <time id="18" path="/TI2/PSP0/Code" start="@1635837650479" delta="148" comment="Programación de casos de prueba" />
  <time id="19" path="/TI2/PSP0/Code" start="@1635846555365" delta="59" comment="Programación de casos de prueba y correccion de pequeños errores" />
  <time id="20" path="/TI2/PSP0/Code" start="@1635853022094" delta="46" comment="Programación de casos de prueba" />
  <time id="21" path="/TI2/PSP0/Test" start="@1635864232349" delta="3" />
  <time id="22" path="/TI3-JFBT/PSP0/Planning" start="@1636678642014" delta="109" />
  <time id="23" path="/TI3-JFBT/PSP0/Planning" start="@1636847781597" delta="45" />
  <time id="24" path="/TI3-JFBT/PSP0/Planning" start="@1636913413863" delta="53" />
  <time id="25" path="/TI3-JFBT/PSP0/Planning" start="@1636939005053" delta="7" />
  <time id="26" path="/TI3-JFBT/PSP0/Design" start="@1637791570876" delta="2" />
  <time id="27" path="/TI3-JFBT/PSP0/Design" start="@1637795397748" delta="35" />
  <time id="28" path="/TI3-JFBT/PSP0/Design" start="@1637803023519" delta="124" />
  <time id="29" path="/TI3-JFBT/PSP0/Code" start="@1637810446069" delta="156" />
  <time id="30" path="/TI3-JFBT/PSP0/Code" start="@1638247664444" delta="68" />
</timeLogEntries>
